{
	"filetype" : "zsa.dist",
	"fileformat" : 1,
	"dataWithIntegerKey" : [ [ 4, 0.931507, 0.890411, 0.863014, 0.794521, 0.726027, 0.671233, 0.630137, 0.424658, 0.452055, 0.438356, 0.273973, 0.178082, 0.068493, 0.027397, 0.082192, 0.150685, 0.205479, 0.287671, 0.356164, 0.438356, 0.60274, 0.849315, 0.986301, 1.0, 1.0 ], [ 3, 0.123288, 0.232877, 0.39726, 0.438356, 0.575342, 0.794521, 0.863014, 0.945205, 0.958904, 0.945205, 0.945205, 0.917808, 0.876712, 0.863014, 0.780822, 0.732877, 0.684932, 0.589041, 0.493151, 0.410959, 0.328767, 0.246575, 0.178082, 0.109589, 0.109589 ] ],
	"data" : 	{
		"titi" : [ 1.0, 0.986301, 0.958904, 0.931507, 0.890411, 0.849315, 0.813699, 0.778082, 0.742466, 0.706849, 0.671233, 0.630137, 0.589041, 0.547945, 0.506849, 0.465753, 0.424658, 0.383562, 0.342466, 0.30137, 0.260274, 0.205479, 0.150685, 0.09589, 0.0 ],
		"toto" : [ 0.027397, 0.068493, 0.123288, 0.150685, 0.205479, 0.273973, 0.356164, 0.438356, 0.479452, 0.520548, 0.630137, 0.712329, 0.767123, 0.808219, 0.821918, 0.849315, 0.863014, 0.876712, 0.876712, 0.890411, 0.917808, 0.931507, 0.958904, 0.972603, 1.0 ]
	}

}
