{
	"pattrstorage" : 	{
		"name" : "fnc-perform",
		"slots" : 		{
			"1" : 			{
				"id" : 1,
				"data" : 				{
					"Spatialize::reverber" : [ 0, 10000.0, 0, 0.0, 0.0, 0.0, 0.0, 177.0, 5657.0, 0.5, 105.639999, 42.470001, 0.0, 0.0, 0.0, 0.0, 0.0, 0.0, 0.0, 0.0, 0.0, 0.0, 0.0, 0.0, 177.0, 5657.0, 0.0, 0.0, 0.0, 0.0, 177.0, 5657.0, 0.5, 39.709999, 0.5, 22.219999, 30.0, 8000.0, 250.0, 0.0, 0, 0.86, 0, 8, 12, 6, 95.370003, 0.0, 0.0, 0.0, 0.0, 177.0, 5657.0, -0.975856, 0.218413, 0.0, 0.279879, 0.960035, 0.0, 0.284621, 0.95864, 0.0, -0.996578, 0.082653, 0.0, -0.708527, 0.691368, 0.0, -0.975899, -0.166194, 0.0, 0.0, 0.0, 0.0, 0.0, 0.0, 0.0, 0.0, 0.0, 0.0, 0.0, 0.0, 0.0, 0.0, 0.0, 0.0, 0.0, 0.0, 0.0, 0.0, 0.0, 0.0, 0.0, 0.0, 0.0, 0.0, 0.0, 0.0, 0.0, 0.0, 0.0, 0.0, 0.0, 0.0, 0.0, 0.0, 0.0, 2.0, 0.5, 1.0, 1.0 ],
					"Spatialize::reverberUI" : [ 80.0, 80.0, 80.0, 80.0, 80.0, 80.0, 80.0, 80.0, 80.0, 80.0, 80.0, 80.0, 1.0, 1.0, 1.0, 0.6, 0, "none", 0.0, 1.0, "medium", 1.0, 0.0, 0.0, 0, 0.0, 0.0, 0.0, 0.0, 250.0, 4000.0, 0.5, 105.639999, 42.470001, 0.0, 0.0, 0.0, 0.0, 250.0, 4000.0, 0.0, 0.0, 0.0, 0.0, 250.0, 4000.0, 0.5, 39.709999, 0.5, 22.219999, 30.0, 8000.0, 250.0, "ade", 0.0, 0.1, 3, "circular", 1.0, 0, 0, 0.0, 0.0, 0.0, 0.0, 0.15, 0.0, 0.0, 0.86, "1", "2", "3", "4", "5", "6", "7", "8", "9", "10", "11", "12", 8, 0, 8, 12, 8, "yawconstraint", "yawconstraint", "yawconstraint", "yawconstraint", "yawconstraint", "yawconstraint", "yawconstraint", "yawconstraint", "yawconstraint", "yawconstraint", "yawconstraint", "yawconstraint", 1.0, 1.0, 1.0, 1.0, 1.0, 1.0, 1.0, 1.0, 1.0, 1.0, 1.0, 1.0, 95.370003, 0.0, 0.0, 0.0, 0.0, 250.0, 4000.0, 1, 10000.0, 0.0, 0.0, 0.0, 1.0, -1.0, 0.0, 1, 0, 0, 1, 0, 0, 1, 0, 0, 1, 1, 1, 0, 1, 0, 0, 0, 1, "green", "green", "green", "green", "green", "green", "green", "green", "green", "green", "green", "green", 0.07, 1, 0.0, 1.0, 0.0, 0.5, 0.866025, 0.0, 0.866025, 0.5, 0.0, 1.0, 0.0, 0.0, 0.866025, -0.5, 0.0, 0.5, -0.866025, 0.0, -0.0, -1.0, 0.0, -0.5, -0.866025, 0.0, -0.866026, -0.5, 0.0, -1.0, 0.0, 0.0, -0.866026, 0.5, 0.0, -0.5, 0.866025, 0.0, 0, -0.707107, 0.707107, 0.0, 0.0, 1.0, 0.0, 0.707107, 0.707107, 0.0, 1.0, 0.0, 0.0, 0.707107, -0.707107, 0.0, -0.0, -1.0, 0.0, -0.707107, -0.707107, 0.0, -1.0, 0.0, 0.0, 0.1, 2.0, 0.5, 1.0, 1.0, "top", "IrcamVerb", 0.0, 0.0, 0.0, 0.0, 0.0, 0.0, 0.0, 0.0, 0.0, 0.0, 0.0, 0.0, 1.0 ],
					"evelopes::nav.env[1]::cuttoff" : [ 650.0 ],
					"evelopes::nav.env[1]::flonum[2]" : [ 0.158979 ],
					"evelopes::nav.env[1]::multislider" : [ 0.158979 ],
					"evelopes::nav.env[1]::on" : [ 1 ],
					"evelopes::nav.env[1]::thresh" : [ 0.0 ],
					"evelopes::nav.env[1]::nav.scale.ui[1]::flonum" : [ 65556.0 ],
					"evelopes::nav.env[1]::nav.scale.ui[1]::max" : [ 1.0 ],
					"evelopes::nav.env[1]::nav.scale.ui[1]::min" : [ 0.0 ],
					"evelopes::nav.env[1]::nav.scale.ui[1]::mode" : [ "minmax" ],
					"evelopes::nav.env[1]::nav.scale.ui[1]::number" : [ 0 ],
					"evelopes::nav.env[1]::nav.scale.ui[1]::window" : [ 0 ],
					"evelopes::nav.env[3]::cuttoff" : [ 650.0 ],
					"evelopes::nav.env[3]::flonum[2]" : [ 0.0 ],
					"evelopes::nav.env[3]::multislider" : [ 0.0 ],
					"evelopes::nav.env[3]::on" : [ 1 ],
					"evelopes::nav.env[3]::thresh" : [ 0.0 ],
					"evelopes::nav.env[3]::nav.scale.ui[1]::flonum" : [ 65556.0 ],
					"evelopes::nav.env[3]::nav.scale.ui[1]::max" : [ 1.0 ],
					"evelopes::nav.env[3]::nav.scale.ui[1]::min" : [ 0.0 ],
					"evelopes::nav.env[3]::nav.scale.ui[1]::mode" : [ "minmax" ],
					"evelopes::nav.env[3]::nav.scale.ui[1]::number" : [ 0 ],
					"evelopes::nav.env[3]::nav.scale.ui[1]::window" : [ 0 ]
				}

			}
,
			"2" : 			{
				"id" : 2,
				"data" : 				{
					"Spatialize::reverber" : [ 0, 10000.0, 0, 0.0, 0.0, 0.0, 0.0, 177.0, 5657.0, 0.5, 105.639999, 42.470001, 0.0, 0.0, 0.0, 0.0, 0.0, 0.0, 0.0, 0.0, 0.0, 0.0, 0.0, 0.0, 177.0, 5657.0, 0.0, 0.0, 0.0, 0.0, 177.0, 5657.0, 0.5, 39.709999, 0.5, 22.219999, 30.0, 8000.0, 250.0, 0.0, 0, 0.86, 0, 8, 12, 6, 95.370003, 0.0, 0.0, 0.0, 0.0, 177.0, 5657.0, -0.994892, -0.100949, 0.0, -0.357132, 0.934054, 0.0, -0.771387, 0.636367, 0.0, 0.962457, -0.271434, 0.0, -0.6414, 0.75406, 0.0, -0.420297, -0.896298, 0.0, 0.0, 0.0, 0.0, 0.0, 0.0, 0.0, 0.0, 0.0, 0.0, 0.0, 0.0, 0.0, 0.0, 0.0, 0.0, 0.0, 0.0, 0.0, 0.0, 0.0, 0.0, 0.0, 0.0, 0.0, 0.0, 0.0, 0.0, 0.0, 0.0, 0.0, 0.0, 0.0, 0.0, 0.0, 0.0, 0.0, 2.0, 0.5, 1.0, 1.0 ],
					"Spatialize::reverberUI" : [ 80.0, 80.0, 80.0, 80.0, 80.0, 80.0, 80.0, 80.0, 80.0, 80.0, 80.0, 80.0, 1.0, 1.0, 1.0, 0.6, 0, "none", 0.0, 1.0, "medium", 1.0, 0.0, 0.0, 0, 0.0, 0.0, 0.0, 0.0, 250.0, 4000.0, 0.5, 105.639999, 42.470001, 0.0, 0.0, 0.0, 0.0, 250.0, 4000.0, 0.0, 0.0, 0.0, 0.0, 250.0, 4000.0, 0.5, 39.709999, 0.5, 22.219999, 30.0, 8000.0, 250.0, "ade", 0.0, 0.1, 3, "circular", 1.0, 0, 0, 0.0, 0.0, 0.0, 0.0, 0.15, 0.0, 0.0, 0.86, "1", "2", "3", "4", "5", "6", "7", "8", "9", "10", "11", "12", 8, 0, 8, 12, 8, "yawconstraint", "yawconstraint", "yawconstraint", "yawconstraint", "yawconstraint", "yawconstraint", "yawconstraint", "yawconstraint", "yawconstraint", "yawconstraint", "yawconstraint", "yawconstraint", 1.0, 1.0, 1.0, 1.0, 1.0, 1.0, 1.0, 1.0, 1.0, 1.0, 1.0, 1.0, 95.370003, 0.0, 0.0, 0.0, 0.0, 250.0, 4000.0, 1, 10000.0, 0.0, 0.0, 0.0, 1.0, -1.0, 0.0, 1, 0, 0, 1, 0, 0, 1, 0, 0, 1, 1, 1, 0, 1, 0, 0, 0, 1, "green", "green", "green", "green", "green", "green", "green", "green", "green", "green", "green", "green", 0.07, 1, 0.0, 1.0, 0.0, 0.5, 0.866025, 0.0, 0.866025, 0.5, 0.0, 1.0, 0.0, 0.0, 0.866025, -0.5, 0.0, 0.5, -0.866025, 0.0, -0.0, -1.0, 0.0, -0.5, -0.866025, 0.0, -0.866026, -0.5, 0.0, -1.0, 0.0, 0.0, -0.866026, 0.5, 0.0, -0.5, 0.866025, 0.0, 0, -0.707107, 0.707107, 0.0, 0.0, 1.0, 0.0, 0.707107, 0.707107, 0.0, 1.0, 0.0, 0.0, 0.707107, -0.707107, 0.0, -0.0, -1.0, 0.0, -0.707107, -0.707107, 0.0, -1.0, 0.0, 0.0, 0.1, 2.0, 0.5, 1.0, 1.0, "top", "IrcamVerb", 0.0, 0.0, 0.0, 0.0, 0.0, 0.0, 0.0, 0.0, 0.0, 0.0, 0.0, 0.0, 1.0 ],
					"evelopes::nav.env[1]::cuttoff" : [ 650.0 ],
					"evelopes::nav.env[1]::flonum[2]" : [ 0.158979 ],
					"evelopes::nav.env[1]::multislider" : [ 0.158979 ],
					"evelopes::nav.env[1]::on" : [ 1 ],
					"evelopes::nav.env[1]::thresh" : [ 0.0 ],
					"evelopes::nav.env[1]::nav.scale.ui[1]::flonum" : [ 65556.0 ],
					"evelopes::nav.env[1]::nav.scale.ui[1]::max" : [ 1.0 ],
					"evelopes::nav.env[1]::nav.scale.ui[1]::min" : [ 0.0 ],
					"evelopes::nav.env[1]::nav.scale.ui[1]::mode" : [ "minmax" ],
					"evelopes::nav.env[1]::nav.scale.ui[1]::number" : [ 0 ],
					"evelopes::nav.env[1]::nav.scale.ui[1]::window" : [ 0 ],
					"evelopes::nav.env[3]::cuttoff" : [ 650.0 ],
					"evelopes::nav.env[3]::flonum[2]" : [ 0.0 ],
					"evelopes::nav.env[3]::multislider" : [ 0.0 ],
					"evelopes::nav.env[3]::on" : [ 1 ],
					"evelopes::nav.env[3]::thresh" : [ 0.0 ],
					"evelopes::nav.env[3]::nav.scale.ui[1]::flonum" : [ 65556.0 ],
					"evelopes::nav.env[3]::nav.scale.ui[1]::max" : [ 1.0 ],
					"evelopes::nav.env[3]::nav.scale.ui[1]::min" : [ 0.0 ],
					"evelopes::nav.env[3]::nav.scale.ui[1]::mode" : [ "minmax" ],
					"evelopes::nav.env[3]::nav.scale.ui[1]::number" : [ 0 ],
					"evelopes::nav.env[3]::nav.scale.ui[1]::window" : [ 0 ]
				}

			}

		}

	}

}
